season,n_matches,bayes_ce,elo_ce,baseline_ce
1994-95,462,1.0244239684452296,1.0787297870272676,1.073514892280057
1995-96,380,1.006012937370074,1.067754092638369,1.054357031629186
ALL,842,1.0161149520455157,1.0737763857591185,1.0648688269031794
